,man,women,memes,spinners,storefronts,art,cars,emojis,speakers,modems,dicks,ewoks,kids,flowers,servers,cats,dogs,trafficlights,spiders,computers,hotdogs,star_trek,ants,selfiesticks
00f0446c4ff0a9d72008d744aee94f0b,,,,1.0,1.0,,,1.0,3.0,,,1.0,,,,1.0,2.0,1.0,,2.0,3.0,2.0,,19.0
0296678910088decd05ad76124c70bbe,2.0,,1.0,1.0,1.0,2.0,1.0,22.0,1.0,,1.0,1.0,,1.0,1.0,3.0,1.0,,,1.0,1.0,2.0,,
036a4b2325c846cf4ae54db3aa71f0eb,,2.0,1.0,,,1.0,1.0,2.0,,23.0,1.0,1.0,1.0,2.0,,,,,1.0,,3.0,,1.0,
03e424f7aaa5d1994c2c5da5f909e073,2.0,1.0,,,,,1.0,,4.0,,2.0,20.0,,,3.0,,1.0,2.0,1.0,,,1.0,,2.0
04643474672c917ee53a565008ff46ac,,,,15.0,,,,1.0,,2.0,1.0,1.0,,1.0,,,1.0,1.0,,,,2.0,,1.0
05270f154fac925e2b8bcbfd98dc6ab6,2.0,1.0,1.0,,,2.0,1.0,,1.0,1.0,2.0,,,2.0,1.0,,1.0,,,19.0,,2.0,1.0,1.0
06cfe46bd63fa5c956a69deb07b81836,,,,,,,1.0,,1.0,4.0,,19.0,2.0,,,1.0,,1.0,,1.0,,3.0,1.0,2.0
06f824e73b1bc0bf534ae6fdce8a3e64,2.0,1.0,,,1.0,3.0,3.0,,,1.0,,,,,1.0,,,,1.0,25.0,1.0,2.0,,
0ad7b2d8c7e43a41dc0d93a82267a107,,,3.0,2.0,1.0,1.0,2.0,1.0,1.0,1.0,,1.0,1.0,,,1.0,2.0,1.0,,1.0,1.0,1.0,16.0,
0df427f3046300b4e96460fedc0534ab,,1.0,1.0,,,,,,,2.0,,,,,,1.0,24.0,,,2.0,1.0,,,
0e3b076a10644c730a4085fc5187935c,,2.0,,,,3.0,26.0,1.0,,1.0,,,,1.0,,,1.0,2.0,2.0,2.0,1.0,3.0,1.0,
0f0d6fd8a2accf1cd198ffba8729553e,1.0,2.0,1.0,2.0,,1.0,,,1.0,,2.0,,1.0,1.0,,,1.0,,,20.0,,,2.0,
0fef16f23180526aa542fa78d6a35067,,1.0,,,,1.0,,1.0,,2.0,,,,,,2.0,1.0,,22.0,,3.0,1.0,1.0,
141eb75d678b2ba050f87f6ce1953c0a,,1.0,2.0,,,1.0,1.0,4.0,1.0,1.0,2.0,1.0,,,,,17.0,,,,,1.0,,
1505ffd5030079f9c23a2b174a27b88f,1.0,2.0,,1.0,2.0,1.0,,1.0,20.0,2.0,,1.0,1.0,3.0,,2.0,1.0,,,,1.0,1.0,2.0,1.0
1d6b18e596ee67f12a494a327200e64f,1.0,20.0,3.0,1.0,1.0,1.0,3.0,,1.0,3.0,1.0,2.0,,2.0,1.0,1.0,1.0,1.0,,1.0,3.0,1.0,,
1ee3d053536c1fbf162ae9f0887a29de,1.0,,21.0,,,2.0,,1.0,2.0,,1.0,,2.0,1.0,,,,,1.0,1.0,,,,
1f3e6dff3236d37b8bbe9faa01989289,17.0,1.0,,,1.0,,,1.0,1.0,4.0,,,2.0,,1.0,1.0,1.0,,,1.0,2.0,2.0,1.0,2.0
1f4c7473c830ee3b49ea70446875251f,1.0,17.0,3.0,,1.0,,1.0,,1.0,1.0,,,,1.0,2.0,,,2.0,,1.0,,2.0,,
20b84e1cd538a6b59e77c07d17c60057,,2.0,1.0,,,1.0,2.0,,2.0,22.0,1.0,,1.0,3.0,2.0,4.0,1.0,1.0,,,1.0,3.0,1.0,
2148311df7db5d52f21e3bb67403705d,,2.0,,,,3.0,,16.0,1.0,,3.0,1.0,1.0,,1.0,,1.0,1.0,1.0,,3.0,,1.0,
21fd171f9135d55f849429b45f26457e,1.0,1.0,2.0,1.0,2.0,,4.0,1.0,1.0,2.0,1.0,1.0,2.0,1.0,,,2.0,,24.0,,,,2.0,
22090e336974b5df755fe3d7ae86dc1d,2.0,1.0,,9.0,,1.0,1.0,1.0,1.0,1.0,1.0,1.0,3.0,,1.0,1.0,1.0,,1.0,,1.0,,1.0,
239c1a9ee7033ec91773a563e6049033,3.0,,1.0,,,1.0,,,1.0,,,,,2.0,1.0,,1.0,21.0,,,,,,1.0
23c55ed4c4fc33583155c649adc5e6a2,1.0,,1.0,,1.0,15.0,,,1.0,1.0,,2.0,2.0,,,3.0,,2.0,1.0,1.0,,,,
2428ae6d6bf30008e362d186d78826fb,,,2.0,1.0,,3.0,,,1.0,3.0,1.0,,1.0,1.0,1.0,,,17.0,,1.0,1.0,1.0,1.0,
24f884543da914f2971e2a96cf61dc1b,,1.0,,1.0,,23.0,,1.0,3.0,,,1.0,1.0,1.0,,1.0,,,1.0,,2.0,1.0,,
25b44b096eb168fbacc6b46f7a85b68d,2.0,2.0,1.0,1.0,2.0,,1.0,,1.0,1.0,2.0,22.0,1.0,1.0,1.0,1.0,2.0,,1.0,2.0,,,,
260bf9fa369a98220233a378631d97e5,,,,1.0,1.0,,1.0,26.0,,1.0,,2.0,,,,,,1.0,2.0,2.0,,,1.0,1.0
261483d1d839f4560399441c74abe815,1.0,1.0,,,1.0,1.0,,,,,,1.0,2.0,,17.0,,1.0,1.0,,,1.0,3.0,2.0,
26954c19ffb9e3940cfa830ec556a8b2,,1.0,,,1.0,1.0,1.0,16.0,,1.0,1.0,,,1.0,3.0,2.0,1.0,,1.0,,,2.0,,1.0
279a8e685657b2b1fd8c48cc690f6dcb,1.0,,1.0,,,3.0,2.0,20.0,,3.0,1.0,,1.0,2.0,,1.0,,1.0,,,,1.0,1.0,
28b8ef17bc88536fe120cec563e5ba39,2.0,1.0,,13.0,,3.0,,1.0,,,1.0,4.0,,1.0,1.0,2.0,,1.0,,,2.0,1.0,,
29145d1a4b07d49dce40fe07e253a48b,1.0,1.0,1.0,2.0,2.0,3.0,3.0,,,18.0,,2.0,,1.0,,2.0,2.0,1.0,4.0,3.0,2.0,,1.0,
2ba5f90e406fa3f731d5dfb843811e29,1.0,,2.0,1.0,2.0,2.0,1.0,,2.0,,2.0,,1.0,2.0,19.0,1.0,1.0,1.0,1.0,2.0,1.0,2.0,1.0,1.0
2be54362a0516883102298c6a81eaf81,,,1.0,,2.0,1.0,1.0,1.0,,1.0,,1.0,1.0,,2.0,,22.0,,,,1.0,1.0,,
2c1d47482778bb6985f735711d174343,1.0,1.0,,,,1.0,1.0,,1.0,,,,,,,,,1.0,18.0,,1.0,,,
2dab8bc4034c9f1ed8e1a838a6c40f77,1.0,2.0,1.0,1.0,,2.0,2.0,1.0,,,1.0,2.0,,1.0,3.0,,2.0,,1.0,,1.0,1.0,21.0,
2ecb1d36671258d95fe3ed8461c1cfc5,,,,,1.0,,2.0,2.0,,1.0,,,1.0,,1.0,2.0,22.0,,1.0,2.0,1.0,1.0,2.0,1.0
2efb26e4a1e428e3a6c6de5b3f7aaf22,,2.0,,1.0,1.0,3.0,28.0,,,,2.0,1.0,1.0,1.0,1.0,,,3.0,,2.0,,,,
30952cb8f9115045a9d812835e3ef907,15.0,,,1.0,,,2.0,,,1.0,1.0,,1.0,,,,1.0,1.0,1.0,1.0,2.0,3.0,,1.0
31ce552e1d5d9ae5d280b2b8cb3b1e2a,,,,,,,1.0,,1.0,,2.0,,1.0,1.0,,2.0,,18.0,1.0,,,2.0,,2.0
34ae40fe64c5fb2825e22c81c83df6dc,,2.0,19.0,2.0,1.0,3.0,1.0,2.0,,1.0,2.0,2.0,5.0,1.0,,1.0,,,,,,,2.0,
36391d5becf638d3243ccf58398f8baa,2.0,3.0,,2.0,1.0,1.0,2.0,,2.0,1.0,,1.0,,,,1.0,,,,,,28.0,,1.0
36af91971824f2f9ed5e48a17135e50c,1.0,1.0,2.0,,,1.0,2.0,,,1.0,23.0,,,1.0,1.0,1.0,4.0,2.0,1.0,1.0,1.0,2.0,,
3a1767457ad1ff9abc6485d7850cce07,,,,,1.0,,1.0,4.0,22.0,,1.0,,,2.0,2.0,,1.0,,1.0,,1.0,2.0,,
3a7d01e45322e9f72bfda8e22ff6a339,17.0,3.0,,1.0,1.0,,,2.0,2.0,2.0,,,2.0,,1.0,,2.0,,,2.0,1.0,,1.0,
3bfc2c4079c288adb529bdeeda4e862a,1.0,2.0,,,,,2.0,2.0,2.0,1.0,1.0,,,1.0,,,,,,1.0,24.0,,1.0,
3d715cf57c7aa4cb28a311a60ad9af26,,,1.0,1.0,,1.0,,21.0,1.0,1.0,1.0,,2.0,,,,2.0,,1.0,1.0,2.0,1.0,2.0,
3df2d9652dfabeb06b8ec24767aedcc5,1.0,,3.0,,16.0,1.0,1.0,1.0,,2.0,1.0,1.0,1.0,,,1.0,2.0,,2.0,1.0,,1.0,1.0,1.0
3df3a42178cbedeaabbfb7751204bbcf,,1.0,,3.0,,1.0,20.0,4.0,1.0,2.0,,,1.0,,1.0,,1.0,1.0,,,2.0,,1.0,1.0
4137fefd172706594672681e4efd23da,3.0,1.0,,1.0,1.0,1.0,1.0,1.0,,1.0,2.0,,2.0,1.0,18.0,2.0,2.0,,2.0,,,2.0,1.0,2.0
421e1efda48c4ee0f30113eeb04f97be,1.0,1.0,1.0,2.0,2.0,,2.0,,3.0,2.0,3.0,1.0,,,,,1.0,1.0,1.0,,1.0,1.0,,20.0
422e48deb8f23f6d08474b95b5c1f164,,,1.0,,,1.0,,1.0,1.0,1.0,,,,1.0,1.0,1.0,,1.0,2.0,21.0,,,,
42c07f852b1d97e5aabd8f374cfc1877,,3.0,,15.0,,1.0,,,1.0,2.0,4.0,1.0,,2.0,2.0,,,,,2.0,,2.0,1.0,2.0
43e3242ef8fc84af8b2ec4ad6a55c49e,1.0,,5.0,,,1.0,2.0,2.0,2.0,,2.0,4.0,2.0,1.0,,1.0,1.0,1.0,1.0,,2.0,27.0,2.0,2.0
44a58f196b755c00422ef8e55e4efd51,,,,,,1.0,,2.0,15.0,1.0,1.0,,,,1.0,2.0,,1.0,,,1.0,2.0,,
458dd32956d671e9865644ecf69e039e,,,,1.0,1.0,,,2.0,1.0,2.0,,1.0,2.0,,1.0,2.0,20.0,1.0,1.0,,,1.0,1.0,
47858cb27ac500b6c6e5f73bb4b09852,3.0,,1.0,,2.0,,,,,2.0,,,1.0,2.0,16.0,,2.0,2.0,1.0,,2.0,2.0,,
4907ac844e0907c56cafac16d36cb118,1.0,,,2.0,1.0,1.0,,,2.0,,1.0,,,,,,1.0,1.0,1.0,1.0,17.0,3.0,,
49bf509e54bb7552f0fca706e99d2d83,3.0,1.0,1.0,1.0,,1.0,,2.0,1.0,2.0,1.0,,,3.0,1.0,,1.0,1.0,22.0,,1.0,,1.0,
4a4bed0e773b3e19157eed5ce336ac51,,,,1.0,,,,,,2.0,1.0,1.0,1.0,18.0,,,1.0,,1.0,1.0,,3.0,,
4a7a5980112abe57981c95fc9ba4e598,2.0,1.0,,,4.0,,1.0,,2.0,,,,2.0,1.0,,,2.0,1.0,2.0,,2.0,21.0,1.0,1.0
4d5499cfd92193bccfe1236b7053b915,,,,,1.0,,2.0,2.0,2.0,1.0,1.0,1.0,,,10.0,,,,1.0,1.0,,,,1.0
4ef348915c95cf352b61d4a97807beca,,1.0,1.0,1.0,1.0,,,1.0,,,,,18.0,2.0,,1.0,1.0,1.0,,1.0,,,,
5017c57f65405adb36d8a4cd41466394,1.0,,1.0,,,,1.0,2.0,,1.0,1.0,2.0,1.0,21.0,,1.0,,2.0,,1.0,,1.0,,
508e33f90313ca499c1d70fbe1fb82a3,2.0,,,12.0,1.0,,1.0,1.0,1.0,3.0,,1.0,,3.0,,1.0,,1.0,1.0,1.0,1.0,,3.0,1.0
51eff24c1b1216bc385cea81d5c75339,,,,4.0,,1.0,2.0,2.0,1.0,2.0,,1.0,1.0,,1.0,1.0,1.0,1.0,,,,2.0,18.0,
525939f9d5b8f753ba912af337e058fc,,1.0,3.0,,,2.0,1.0,18.0,1.0,2.0,1.0,1.0,1.0,1.0,2.0,1.0,3.0,,2.0,1.0,1.0,1.0,,
525a6c3b5bf7b37f123bc2be793c9116,1.0,18.0,,2.0,,2.0,,1.0,,1.0,,,,2.0,,,1.0,,2.0,,,,3.0,1.0
53603b1abd025ec7e61d0929ecc050a2,,3.0,1.0,,1.0,1.0,,2.0,3.0,2.0,1.0,,1.0,,3.0,1.0,,22.0,2.0,,,2.0,,
556253a7497869a7cb2c7cdc75f25c39,,,1.0,2.0,,1.0,,2.0,3.0,1.0,,,,1.0,1.0,1.0,17.0,,,1.0,1.0,,1.0,2.0
55a6cc4460363038e53c42afe1b6fa9c,14.0,1.0,,,,,,1.0,,,2.0,,,,,2.0,,1.0,1.0,,,2.0,,
56196e287a786afcbad079fcc0e0e7df,,1.0,1.0,1.0,2.0,1.0,,1.0,,2.0,1.0,2.0,1.0,26.0,1.0,,,1.0,,1.0,2.0,,1.0,1.0
572e9cbb620acab56192475f3a34c3c2,1.0,,,,,,1.0,,1.0,1.0,1.0,1.0,,,,1.0,19.0,2.0,1.0,,,,,
57eb2c37e1c81134950ccd34c412d070,1.0,,1.0,,,1.0,,1.0,,2.0,,1.0,1.0,,1.0,2.0,,1.0,1.0,,19.0,1.0,,
5810648e0188f1d675fc2b2082af9928,,,,,1.0,19.0,,1.0,2.0,,,1.0,1.0,1.0,,1.0,,1.0,1.0,1.0,1.0,,1.0,
58b8a1fa63d33451e13446e53764e849,1.0,1.0,1.0,,1.0,2.0,1.0,1.0,,,,2.0,,1.0,1.0,,,1.0,,1.0,23.0,2.0,2.0,
5bf27a7596e1a2ec9c10e08d7cd2f029,1.0,,,,,22.0,2.0,1.0,3.0,,1.0,1.0,2.0,1.0,1.0,1.0,1.0,1.0,,1.0,,,2.0,
5c4d3c7f7bac8601006bb85ec8874b46,,1.0,1.0,,,1.0,23.0,,,,,2.0,,,1.0,,,,1.0,2.0,1.0,,,1.0
5c96932a9bb108b5768e025d38ffa673,17.0,,,,,1.0,1.0,1.0,1.0,2.0,1.0,2.0,1.0,,,,,2.0,2.0,,2.0,1.0,,
618d706628f841d7ac1179b3ac67820d,,2.0,,,,,,3.0,3.0,18.0,2.0,1.0,,,,1.0,1.0,,2.0,,,,3.0,1.0
630e427f575b8a3641146952f540cf46,,,19.0,1.0,2.0,2.0,,,,1.0,,,3.0,1.0,,,,2.0,1.0,,,,,
6337b306b6dcb7f6dc4c2fbbd997855d,2.0,,1.0,,,1.0,,2.0,1.0,5.0,,1.0,,2.0,2.0,3.0,1.0,2.0,,2.0,1.0,2.0,17.0,1.0
6343aee9b9cd229a94b7e834e6752506,1.0,1.0,1.0,1.0,,1.0,1.0,,,1.0,1.0,16.0,,1.0,1.0,3.0,,5.0,,1.0,,,,1.0
63688aa14ada4b39e4ef717f7b47fe7a,,,,1.0,,1.0,1.0,1.0,,,2.0,2.0,,,1.0,2.0,1.0,23.0,,,1.0,2.0,1.0,
6735e6f6e6fe90cbf07e8f15eb3a3165,,,2.0,,,19.0,,2.0,1.0,2.0,2.0,2.0,2.0,1.0,2.0,,,2.0,1.0,1.0,1.0,,,
6a802e3226cb6667feb6a34bc46994d5,2.0,1.0,,1.0,,2.0,,1.0,1.0,1.0,2.0,,1.0,,,10.0,1.0,,2.0,,,1.0,1.0,1.0
6a9fe561069e02efa842c2e4952d249f,1.0,2.0,1.0,,,,,,1.0,1.0,2.0,,,,,17.0,1.0,1.0,2.0,1.0,,2.0,,
6e0b55efd338b4c897c6fa89e13e3d19,1.0,,,1.0,,1.0,1.0,3.0,1.0,,,2.0,3.0,1.0,1.0,2.0,,1.0,1.0,1.0,,1.0,11.0,1.0
7459d2507963f1aa382556e1726e50ef,14.0,1.0,2.0,,,,1.0,1.0,1.0,,,2.0,1.0,,2.0,,,,,,,2.0,,1.0
7524a531338e7256112a4cf8ea4f3522,2.0,1.0,,1.0,15.0,1.0,1.0,1.0,1.0,,1.0,,,,,,1.0,1.0,,1.0,,,1.0,
760292d7a2b0c01e000aaad7e0c5294c,,1.0,1.0,,15.0,1.0,,,1.0,,1.0,,,,1.0,2.0,,,1.0,,2.0,2.0,,3.0
78e83e14af11ce9970b4920bab067ecc,2.0,4.0,1.0,,1.0,,1.0,14.0,2.0,,,,2.0,,1.0,,3.0,2.0,3.0,1.0,,2.0,1.0,1.0
7a582210d5c5acfbb48829acf23ac0e4,2.0,2.0,1.0,1.0,2.0,2.0,,3.0,1.0,2.0,2.0,1.0,2.0,1.0,,1.0,1.0,17.0,4.0,,1.0,1.0,1.0,2.0
7bb9af44981f8a7ad23de0ae87015b3b,1.0,,1.0,2.0,,,,1.0,1.0,1.0,,1.0,1.0,1.0,,1.0,1.0,24.0,,1.0,,4.0,1.0,
7c69f173abc206aa4689814f044a2b04,,1.0,2.0,1.0,2.0,1.0,1.0,1.0,,2.0,,1.0,,,,,1.0,2.0,,,,,,17.0
7c80b24c5db9877929a96c1f59c77def,2.0,,1.0,1.0,,,2.0,1.0,19.0,,1.0,1.0,,,1.0,,2.0,1.0,,,,,1.0,
7eebf8a947df49c7fa7fa7f00d4128af,1.0,1.0,,1.0,,,,1.0,,,,1.0,,2.0,,,1.0,1.0,,,1.0,3.0,1.0,20.0
7f205833b323c62aa1821430c7caaf50,,,,,2.0,2.0,1.0,,1.0,1.0,,3.0,2.0,,1.0,1.0,,,,1.0,2.0,1.0,,14.0
7f5175ede3fc2894a3805417b3425c36,1.0,16.0,1.0,,1.0,1.0,1.0,,1.0,4.0,1.0,,1.0,1.0,,,2.0,2.0,2.0,1.0,,,1.0,
803206f9d7e180c5a2f7f3893736a85b,,1.0,22.0,,1.0,1.0,,2.0,,,2.0,,,1.0,,1.0,1.0,2.0,,1.0,,1.0,1.0,2.0
8054c13e08c14a2104dfd9ae8fd4c8d5,2.0,,,2.0,3.0,,1.0,1.0,,2.0,1.0,1.0,1.0,,,1.0,,,2.0,23.0,1.0,,,
806a63fccbe06c1d027a797757134992,2.0,,,9.0,,,2.0,,2.0,1.0,,,,1.0,,1.0,1.0,1.0,2.0,1.0,,1.0,1.0,
80f960ed2328243985cd1325d4b1e9a9,1.0,1.0,2.0,1.0,1.0,3.0,,,1.0,,20.0,,1.0,,1.0,1.0,,2.0,,,2.0,1.0,,1.0
813680d89cf265f944193fde769cd35c,,1.0,1.0,,1.0,,,,1.0,2.0,3.0,3.0,,2.0,,19.0,,1.0,1.0,1.0,,1.0,1.0,1.0
8187fa12ee3f73daf56512a088d08241,2.0,,1.0,1.0,1.0,1.0,2.0,,1.0,1.0,18.0,1.0,,2.0,,,2.0,3.0,1.0,1.0,,2.0,1.0,
8530c3a5251aaffb98f0e5edefa04f47,1.0,1.0,2.0,,,,,1.0,,4.0,,,4.0,,18.0,2.0,2.0,1.0,2.0,,1.0,1.0,,1.0
868a4d4794e9ade319b9cb11926b4644,1.0,,,,1.0,1.0,2.0,2.0,3.0,,1.0,14.0,1.0,1.0,1.0,,,1.0,3.0,,,1.0,,
87818ece8fa5182c9094925ab640145c,1.0,2.0,15.0,,,2.0,1.0,,1.0,,3.0,1.0,1.0,1.0,3.0,2.0,1.0,,2.0,2.0,1.0,1.0,,
87e625307745c75949d5cf0034e58ae5,1.0,,1.0,,1.0,,,4.0,2.0,,1.0,,5.0,2.0,,,2.0,1.0,23.0,,,1.0,,
88bb20393792446befd90c90452188a8,,2.0,1.0,,,1.0,,3.0,,1.0,1.0,,24.0,,1.0,,,,2.0,,1.0,3.0,,
8962dc9e1c41a4cda499d47a0f5dbf34,,,1.0,1.0,,1.0,27.0,2.0,1.0,,,,,,,,,1.0,2.0,1.0,,,1.0,
8d045de2442e741a891029c6774ddd58,,1.0,,,,1.0,,1.0,1.0,,1.0,2.0,,1.0,,1.0,,1.0,27.0,,,3.0,,1.0
8dd882903c63a76055d2a4a04cb0f781,1.0,1.0,,1.0,1.0,2.0,1.0,2.0,,3.0,,,3.0,23.0,1.0,3.0,,,,2.0,,2.0,,
8e6641b74c94c7221ca6c17afe834a22,2.0,1.0,2.0,,1.0,,1.0,2.0,1.0,,1.0,1.0,2.0,,,1.0,,,,1.0,,1.0,,19.0
8e69998f180a17ef80ef4c34c85210f4,,3.0,3.0,2.0,,18.0,2.0,1.0,,,3.0,2.0,1.0,2.0,2.0,,,,2.0,1.0,1.0,,1.0,1.0
8e78d8d975567502dc2679b4fca5d844,2.0,1.0,,,,1.0,,,,2.0,1.0,1.0,1.0,1.0,1.0,1.0,2.0,1.0,1.0,1.0,,1.0,,17.0
90e0c1eeaa55a2f83ba248a1fcab64e2,1.0,4.0,1.0,,1.0,2.0,1.0,2.0,1.0,1.0,,1.0,1.0,,1.0,3.0,,1.0,4.0,,,,15.0,
911fc5c1710c17208f4d545730e8738d,1.0,1.0,,1.0,1.0,1.0,1.0,2.0,1.0,1.0,1.0,,,1.0,,5.0,1.0,,,28.0,1.0,1.0,1.0,3.0
92447a64f7dffc33f1c984f87fe25d9e,1.0,2.0,1.0,,,2.0,1.0,3.0,1.0,2.0,,1.0,19.0,,,1.0,,,,1.0,2.0,,1.0,
9285af651f3965517b208f78c69242b0,1.0,1.0,,,1.0,,1.0,,19.0,1.0,,2.0,1.0,1.0,1.0,,,1.0,2.0,1.0,,,1.0,
928fa72f6c8fed3f90269986c63b7899,,1.0,1.0,,15.0,,1.0,,2.0,2.0,,,1.0,1.0,,,3.0,1.0,,1.0,,1.0,,
934e2b89726e4422679ef9613f55a0a2,,1.0,3.0,12.0,1.0,2.0,1.0,2.0,,,2.0,,1.0,,,1.0,,1.0,,1.0,,1.0,,
9351111d39ab1a79b372225db54e3909,2.0,,,,,1.0,3.0,,1.0,1.0,,,1.0,24.0,3.0,1.0,1.0,,,,1.0,1.0,2.0,1.0
942b62ddcc871988645081746055a722,1.0,,1.0,1.0,,,,,2.0,1.0,1.0,,,1.0,1.0,18.0,1.0,,,1.0,2.0,1.0,,
957fe1b2088e76f3ca1015423803eae1,1.0,1.0,1.0,10.0,,,1.0,4.0,,1.0,1.0,,,,2.0,1.0,,,1.0,,1.0,,2.0,1.0
95e5ac72fa04c85a028d18debbaf9ea8,,1.0,23.0,1.0,,1.0,,,1.0,2.0,1.0,,1.0,,,1.0,1.0,1.0,,,1.0,1.0,1.0,1.0
96260e267bed77509d6f1a4074d7f250,,,,1.0,,2.0,,3.0,19.0,,1.0,,2.0,,,,3.0,,,,,1.0,1.0,
97c6c77fa80952608e4e1962e3d0f769,,,,,,,,,,,,,1.0,,,1.0,,,,,,,,
98cf20e19ad5cf665168702a71c13267,21.0,,1.0,1.0,1.0,2.0,1.0,,,1.0,2.0,,1.0,,1.0,,,3.0,1.0,3.0,,1.0,,1.0
990870ac3187f148d8afe39755e35fe2,1.0,3.0,3.0,1.0,19.0,1.0,2.0,1.0,2.0,,1.0,1.0,,,1.0,,2.0,3.0,3.0,,,5.0,,
99fa2f5c635d6b56f12baa7e8c6f8ad8,3.0,,1.0,,3.0,1.0,1.0,,1.0,,1.0,1.0,1.0,1.0,1.0,15.0,2.0,3.0,,3.0,1.0,,,
9c1ac8e18a848c845df6c29c4350caf4,,1.0,1.0,1.0,,20.0,2.0,,,2.0,2.0,,,,1.0,,,1.0,,,1.0,,,1.0
9c3ae4a57da6034495c9d162ba4f844d,1.0,2.0,1.0,,1.0,1.0,,2.0,1.0,2.0,1.0,2.0,2.0,1.0,1.0,,,24.0,1.0,,,3.0,1.0,
9c4fa18ed0b0df89a23187b28a18d865,,,,,3.0,2.0,,1.0,1.0,1.0,,,,,,17.0,1.0,2.0,,,2.0,,,1.0
9d6b45f05296c711fe57cb34f3e4c272,1.0,2.0,2.0,,1.0,1.0,1.0,1.0,1.0,1.0,2.0,,,19.0,1.0,,1.0,,1.0,1.0,1.0,1.0,,1.0
9e64221c2edebe5d8a2889c4f2304947,1.0,,1.0,,1.0,1.0,,,2.0,,5.0,2.0,,,,,2.0,,1.0,,2.0,,,23.0
9eb09235c445a82f34c8a1e3b0ad439e,2.0,1.0,,,,1.0,,1.0,1.0,1.0,2.0,1.0,1.0,,,1.0,1.0,1.0,1.0,,,27.0,,
a2bb7b0377e9908039786e71dde5fb3a,,,1.0,,1.0,2.0,1.0,,1.0,,1.0,1.0,1.0,5.0,3.0,1.0,,,,,18.0,1.0,1.0,1.0
a5331052eaa66e55dc2cafacbcf6a9b4,,19.0,,2.0,1.0,,,,3.0,,,1.0,,,,,1.0,3.0,,1.0,1.0,,,
a5334140559236b8f3adc871ddcc7d12,1.0,,,2.0,2.0,1.0,1.0,,3.0,20.0,2.0,,2.0,2.0,,2.0,1.0,1.0,,3.0,1.0,1.0,2.0,1.0
a79152a390fe887af15174d650911e37,1.0,,,1.0,2.0,3.0,1.0,1.0,1.0,1.0,2.0,19.0,,2.0,,2.0,,1.0,,1.0,,1.0,1.0,
a9081b4ec0f49ff7d7ff0c48dc4e7fcb,,1.0,,,,1.0,1.0,,1.0,3.0,2.0,,1.0,1.0,17.0,,,,,1.0,,,,
a93ee3034cccb5ee0715964e696edb8d,1.0,1.0,1.0,2.0,1.0,2.0,,,1.0,2.0,1.0,1.0,22.0,1.0,1.0,2.0,1.0,1.0,1.0,2.0,,,1.0,2.0
a94b016daa9687c8bb4f0f088688eb56,2.0,1.0,,,1.0,2.0,20.0,1.0,2.0,,,,,,,,,,,,1.0,,,
a9f702b43bbd73dc32a236f20fab5c3c,3.0,2.0,2.0,1.0,,1.0,,,,2.0,,1.0,18.0,,,,1.0,2.0,2.0,4.0,1.0,3.0,,
ac59c6cb365c58befca1196d575378b0,1.0,1.0,,1.0,,1.0,1.0,2.0,,,1.0,2.0,16.0,2.0,,1.0,,2.0,1.0,,1.0,,,
ad275e06bd0df907a93c36cfa9ba08ec,,1.0,1.0,1.0,,1.0,,,,,24.0,1.0,1.0,2.0,2.0,,,1.0,,,1.0,2.0,,
ae5864ca1409b462a45a60ca6ad97623,1.0,1.0,,1.0,,2.0,1.0,1.0,1.0,2.0,1.0,,2.0,,1.0,,2.0,,2.0,1.0,15.0,2.0,,
af1e7ecf1c6e8330bd464c957d60f73d,2.0,,1.0,,3.0,,1.0,1.0,,2.0,,1.0,5.0,,1.0,1.0,2.0,1.0,3.0,,18.0,2.0,1.0,
afe9df704708a6c82b36430985653629,1.0,,,1.0,1.0,,1.0,,,3.0,2.0,16.0,1.0,2.0,2.0,,2.0,,1.0,1.0,,1.0,,
b06c80739733d2e989bca594822d8904,1.0,3.0,1.0,1.0,,2.0,1.0,,2.0,3.0,,1.0,,1.0,,1.0,1.0,1.0,19.0,,,,1.0,
b107f742b89ea7e28af0785baa628698,1.0,1.0,,1.0,,1.0,,,,,22.0,1.0,3.0,,2.0,1.0,2.0,,1.0,2.0,,2.0,2.0,2.0
b409eed3729efb288aac3d23c08af582,,23.0,1.0,1.0,,2.0,2.0,,1.0,,,1.0,,1.0,1.0,1.0,1.0,2.0,,,2.0,,1.0,
b92fd54dac08218536bfed1fda20806b,2.0,1.0,,,,2.0,,,,2.0,1.0,1.0,1.0,,18.0,1.0,,1.0,,1.0,,,,
ba8a8122b20a5218118e154175e848d1,1.0,,1.0,,,18.0,,2.0,1.0,3.0,1.0,,1.0,2.0,,1.0,1.0,,,1.0,1.0,3.0,1.0,
bb6929616077b29221ae195f1b745966,1.0,25.0,1.0,,1.0,,4.0,,,3.0,,,1.0,2.0,1.0,,,,1.0,1.0,,1.0,,2.0
bc0dc9bd4b4835ea5218b81d8ffb4556,1.0,1.0,,,1.0,2.0,4.0,,2.0,1.0,3.0,,,,1.0,15.0,,,2.0,2.0,2.0,1.0,3.0,1.0
bcad427c01039c87463793329ca07b48,,,,2.0,1.0,,2.0,1.0,1.0,,21.0,,1.0,,1.0,2.0,,,,,1.0,1.0,,
bd91403836910f153397b2e9ab21aa6d,21.0,,1.0,2.0,1.0,1.0,2.0,2.0,,2.0,1.0,1.0,,,,,,,1.0,1.0,,2.0,,2.0
bddee930836c20903fd7f2243f23ee22,1.0,2.0,2.0,,16.0,3.0,2.0,,,,,2.0,4.0,1.0,2.0,,1.0,,1.0,,,,,2.0
be4dbade5b7774cfafbd5a991a8d9ea9,1.0,,1.0,2.0,,,1.0,,,,,,1.0,1.0,,,1.0,2.0,,1.0,1.0,1.0,15.0,2.0
bf782881b5bbfe40f492690e547b0623,,,2.0,2.0,1.0,1.0,1.0,1.0,3.0,2.0,1.0,,3.0,2.0,2.0,1.0,1.0,,,,,26.0,,1.0
c064007297426d85be103d9a919f7c4b,,,,,2.0,,2.0,1.0,1.0,,2.0,1.0,13.0,2.0,,,,,1.0,,1.0,1.0,2.0,
c3777ef67e327e9d2739447f3eca4094,,1.0,,6.0,1.0,1.0,1.0,,2.0,1.0,,2.0,,,1.0,,1.0,,,1.0,,,,1.0
c45c46dccdf26af6e8be9bde4ea56d05,,,28.0,,1.0,1.0,2.0,,1.0,1.0,3.0,1.0,2.0,,,,,,,1.0,,,4.0,1.0
c5149796f9215054de14c40ee82e2518,,2.0,1.0,,2.0,2.0,,,1.0,1.0,1.0,,,,16.0,,,4.0,2.0,,1.0,2.0,,
c585327d438bfb187819ac664a5e0000,,1.0,2.0,2.0,,19.0,,2.0,,1.0,,,,,,,1.0,1.0,1.0,1.0,1.0,2.0,3.0,
c79736ff3aa43c48b42c09eb35e05441,2.0,,1.0,,1.0,1.0,22.0,1.0,,1.0,,,1.0,2.0,,1.0,1.0,3.0,1.0,1.0,1.0,1.0,1.0,
c85ee3f8a105ae9b11cd556bb782fdc0,2.0,1.0,2.0,,,,1.0,1.0,,1.0,,,1.0,2.0,1.0,1.0,,1.0,1.0,23.0,,1.0,2.0,1.0
c95ae75e4a1b31c7bb7aa2be1a4efb19,2.0,,,1.0,,1.0,,3.0,,24.0,,,,1.0,1.0,2.0,3.0,1.0,,,3.0,,,
ca3c9518bbb7148affaa91c515c3aedf,1.0,,2.0,2.0,,3.0,21.0,,1.0,,,2.0,,1.0,,2.0,2.0,3.0,1.0,1.0,3.0,1.0,1.0,
ca9132a6086e2f0d92ab5728de8d10d0,,3.0,20.0,,2.0,1.0,,,,,,,2.0,,3.0,,2.0,,,,,,1.0,
cad6239f7b24b0f5623fbd028bd9a094,2.0,1.0,,,1.0,1.0,1.0,,,1.0,1.0,,1.0,,2.0,,1.0,,,1.0,17.0,2.0,,2.0
cb4f4d6ef33e95373c0f6808368f27ab,,,,1.0,,,21.0,1.0,,2.0,2.0,1.0,,,1.0,1.0,,,,,2.0,4.0,,
cb6172c088687c8c24ef33eb5b06a327,,2.0,,,1.0,1.0,1.0,1.0,,19.0,1.0,,1.0,2.0,,2.0,3.0,3.0,2.0,2.0,2.0,,,
cd5e03571f7a8283384e1746011cac88,1.0,1.0,,,,,2.0,2.0,1.0,2.0,2.0,1.0,1.0,,2.0,1.0,2.0,1.0,2.0,19.0,,2.0,,
cd8fd2336d89e1fbaf625cace923eb26,,2.0,2.0,1.0,1.0,,1.0,,2.0,,,,,3.0,,,,,17.0,1.0,,1.0,,2.0
ce6be4a94fba01aa11b426e61df0bcd7,,,1.0,,16.0,1.0,,,2.0,4.0,2.0,1.0,,1.0,,2.0,,2.0,2.0,1.0,1.0,1.0,1.0,1.0
cf7ef5e506cb4a9eb5a3c90b05d81421,1.0,16.0,,1.0,2.0,,1.0,2.0,,,,,1.0,2.0,,1.0,,,,2.0,2.0,,1.0,
cf87620a1e2df77002fc2c1a351f99bd,,19.0,,,,1.0,1.0,,,1.0,,,1.0,1.0,1.0,1.0,,,,2.0,1.0,2.0,,2.0
d22e1c4bab103ba4265ffbe771986488,1.0,1.0,1.0,,,1.0,,1.0,2.0,,23.0,,2.0,1.0,,,2.0,,,1.0,,,2.0,
d4ec8ba505a0c4142bc42eed9c50d33f,1.0,,1.0,,1.0,,1.0,,,3.0,2.0,15.0,1.0,,2.0,,,1.0,1.0,,1.0,2.0,,1.0
d5198a9c36e2cf146b386b19432dbcd9,,,,,2.0,,1.0,1.0,17.0,1.0,2.0,,1.0,1.0,1.0,1.0,,,,1.0,3.0,1.0,,
d521fd0b26d1b7425dc78e5d957aeaf5,,3.0,,,,,3.0,,,,,,,22.0,1.0,,1.0,1.0,,,,2.0,,1.0
d56340a9bc0b6a0879d485cd9510319f,1.0,2.0,2.0,,2.0,,,,,,4.0,1.0,1.0,1.0,,,,,,2.0,1.0,,12.0,
d5821f2b00867f945ad721d5b9daa05f,1.0,,2.0,,,,2.0,,1.0,,1.0,,21.0,,1.0,,,2.0,,,,1.0,,1.0
d5c0f01e7385ed22218472fbe5fee3d4,,,,,1.0,1.0,1.0,1.0,,2.0,1.0,2.0,1.0,19.0,2.0,,2.0,,2.0,2.0,,2.0,,1.0
d6a3e8e7eceaae4a592f2340d129a7c8,1.0,2.0,,,,3.0,1.0,2.0,1.0,1.0,1.0,2.0,,,,1.0,4.0,17.0,1.0,,,1.0,2.0,
d779e243dbba8ddb91401d786d7727b5,2.0,,1.0,2.0,,1.0,1.0,,,,2.0,,,,1.0,,2.0,3.0,,,2.0,29.0,2.0,
d8f8fbc764e22a8e59849e240481b2ba,1.0,1.0,,,1.0,1.0,1.0,,,1.0,3.0,1.0,19.0,1.0,1.0,1.0,1.0,,3.0,,,,,
da046062dcd5ed3fb241c50a0dcbfc85,1.0,1.0,1.0,,,1.0,1.0,2.0,19.0,2.0,2.0,2.0,,3.0,,4.0,1.0,2.0,3.0,1.0,,1.0,,
da4b5f3b2ffafe775a02cc8fac4dd4f7,3.0,3.0,,1.0,,,2.0,2.0,2.0,2.0,1.0,,,,,,2.0,,1.0,,1.0,1.0,14.0,
dc39a9741ac1745cb5d532bed7b1af6a,,1.0,,1.0,,,2.0,,1.0,,,1.0,2.0,,,,,,3.0,,1.0,2.0,,19.0
dd404e60945a7c6120ad1c28eec4d081,,1.0,1.0,2.0,,1.0,,,,17.0,1.0,2.0,,1.0,2.0,1.0,1.0,1.0,2.0,,1.0,,1.0,2.0
e073cb4327ce900d5dd54b42368db1e0,1.0,1.0,1.0,,16.0,,,1.0,1.0,1.0,1.0,,,,1.0,2.0,,,1.0,,,1.0,,
e0a75021746642bcb98cb29d9f2efa4e,1.0,,,,2.0,,2.0,,18.0,3.0,1.0,1.0,,,,,3.0,1.0,,,1.0,1.0,,
e0b91f0e88571ef2a383595a1a662635,2.0,1.0,,,,3.0,,1.0,1.0,,,1.0,,2.0,,,,,2.0,1.0,,21.0,1.0,
e26aece3fca2dabff508fa14b8a8e18c,1.0,2.0,1.0,,1.0,,,1.0,,,,1.0,,3.0,,20.0,2.0,,2.0,,,1.0,,
e4af0712ed4e23f6daca7f53d1641820,,,3.0,2.0,3.0,2.0,1.0,1.0,2.0,1.0,25.0,1.0,1.0,,2.0,1.0,,1.0,,1.0,1.0,,1.0,
e521e08e42991353666babf6edd65b85,,1.0,,2.0,,1.0,,,1.0,3.0,2.0,20.0,,,,,3.0,1.0,2.0,1.0,,2.0,,
e5349d1aec7f9f104a9a8446b23ce5e0,,,,,1.0,,1.0,,1.0,1.0,,1.0,,2.0,3.0,2.0,1.0,1.0,2.0,21.0,1.0,4.0,,2.0
e5c98fe7b4cf115e5e8d6b9f630b8707,1.0,2.0,2.0,,1.0,2.0,2.0,2.0,1.0,2.0,1.0,,,1.0,1.0,2.0,1.0,1.0,1.0,,16.0,,,1.0
e84320e5fe94c9ad70bc8972dbb6875c,2.0,,,1.0,15.0,,,1.0,1.0,1.0,2.0,1.0,,1.0,,,,,,,,,1.0,1.0
e864f50d80294f79a673ef5aacd6ded9,2.0,,2.0,,,,,,,2.0,,4.0,1.0,1.0,,1.0,18.0,2.0,,1.0,1.0,,,2.0
eadf503d27d7032610288b9e655055f5,,,,2.0,,,,1.0,2.0,2.0,,1.0,1.0,,2.0,2.0,1.0,,24.0,,,1.0,,2.0
eccf153759a610e9265047c54505719e,1.0,,,1.0,1.0,1.0,,1.0,1.0,2.0,2.0,,,1.0,1.0,,18.0,,1.0,,,1.0,4.0,
ecf036028c7d33b553e8d303a4868def,1.0,,3.0,,3.0,,,12.0,,1.0,1.0,3.0,1.0,,,1.0,,2.0,,2.0,,1.0,1.0,1.0
ee43cf8c2620cbaec7bcbcdeaa4eef09,3.0,,1.0,2.0,,1.0,1.0,2.0,,,,,,1.0,,1.0,,,,,2.0,33.0,,
f0729146d5115bc1ad6bfac09acf126d,2.0,1.0,1.0,,,3.0,1.0,2.0,1.0,,,,,,1.0,20.0,1.0,,1.0,1.0,2.0,2.0,2.0,1.0
f1f9f2feb4d8b9b7d07f040a04405e65,,,2.0,1.0,,,3.0,1.0,1.0,2.0,,,2.0,20.0,3.0,,,1.0,1.0,,1.0,1.0,,
f5503bc6b91f7b81c03293f8315d50f2,,,,,,1.0,1.0,2.0,1.0,2.0,,1.0,,1.0,1.0,,,,1.0,1.0,1.0,30.0,,
f7ecfcec435daac5ac957a09f46c4fd8,,1.0,,1.0,,,,1.0,1.0,,16.0,1.0,1.0,,,,1.0,,,,,,1.0,1.0
fc10b862fee3e4a2c499b9e6a22f9328,1.0,1.0,1.0,1.0,,,1.0,1.0,1.0,25.0,1.0,1.0,,,,3.0,1.0,1.0,2.0,,,,3.0,
fe65b76d4394cdb2beb7c18163646eb6,1.0,,18.0,,1.0,2.0,2.0,1.0,2.0,,,1.0,1.0,,,1.0,,,2.0,,1.0,1.0,,2.0
ff150f43c5e9f1083582844c1f8564ea,16.0,,1.0,1.0,2.0,,1.0,1.0,2.0,2.0,,2.0,3.0,1.0,2.0,3.0,3.0,1.0,1.0,5.0,,2.0,,3.0
